id,focus,signal,slack,drag,confidence,score,lane,kind,invariant
g001,form pressure,117,33,39,33,177,watch,baseline,monotonic-signal
g002,sync drift,80,25,24,78,245,ship,edge,drag-penalty
g003,local state,109,59,39,99,319,ship,recovery,confidence-floor
g004,conflict cost,39,43,27,34,81,hold,negative,lane-boundary
g005,form pressure,52,73,44,49,99,hold,baseline,monotonic-signal
g006,sync drift,62,20,33,61,134,watch,edge,drag-penalty
g007,local state,114,31,29,72,287,ship,recovery,confidence-floor
g008,conflict cost,100,74,28,82,326,ship,negative,lane-boundary
g009,form pressure,52,63,29,48,147,watch,baseline,monotonic-signal
g010,sync drift,76,25,31,36,125,watch,edge,drag-penalty
g011,local state,91,44,13,34,242,ship,recovery,confidence-floor
g012,conflict cost,58,21,5,38,193,ship,negative,lane-boundary
g013,form pressure,45,47,7,87,283,ship,baseline,monotonic-signal
g014,sync drift,42,62,26,30,102,hold,edge,drag-penalty
g015,local state,88,37,37,49,163,watch,recovery,confidence-floor
g016,conflict cost,115,27,23,20,205,ship,negative,lane-boundary
g017,form pressure,44,25,18,96,233,ship,baseline,monotonic-signal
g018,sync drift,100,61,38,53,215,ship,edge,drag-penalty
g019,local state,87,12,28,36,146,watch,recovery,confidence-floor
g020,conflict cost,40,25,4,32,153,watch,negative,lane-boundary
g021,form pressure,108,34,14,77,348,ship,baseline,monotonic-signal
g022,sync drift,58,41,42,98,185,ship,edge,drag-penalty
g023,local state,80,47,15,33,213,ship,recovery,confidence-floor
g024,conflict cost,95,52,24,48,242,ship,negative,lane-boundary
g025,form pressure,62,25,9,60,233,ship,baseline,monotonic-signal
g026,sync drift,49,46,24,71,190,ship,edge,drag-penalty
g027,local state,90,59,12,81,353,ship,recovery,confidence-floor
g028,conflict cost,114,33,29,47,239,ship,negative,lane-boundary
g029,form pressure,41,58,18,35,138,watch,baseline,monotonic-signal
g030,sync drift,52,38,14,33,152,watch,edge,drag-penalty
g031,local state,105,30,13,37,262,ship,recovery,confidence-floor
g032,conflict cost,70,64,14,86,320,ship,negative,lane-boundary
g033,form pressure,33,48,16,29,108,watch,baseline,monotonic-signal
g034,sync drift,62,8,40,48,68,hold,edge,drag-penalty
g035,local state,80,25,32,105,267,ship,recovery,confidence-floor
g036,conflict cost,93,36,34,95,276,ship,negative,lane-boundary
g037,form pressure,103,9,11,52,275,ship,baseline,monotonic-signal
g038,sync drift,67,68,22,35,184,ship,edge,drag-penalty
g039,local state,53,30,8,31,166,watch,recovery,confidence-floor
g040,conflict cost,93,49,45,76,207,ship,negative,lane-boundary
g041,form pressure,117,26,23,97,362,ship,baseline,monotonic-signal
g042,sync drift,44,52,13,32,152,watch,edge,drag-penalty
g043,local state,99,67,31,47,235,ship,recovery,confidence-floor
g044,conflict cost,86,42,41,59,168,watch,negative,lane-boundary
g045,form pressure,83,32,27,70,230,ship,baseline,monotonic-signal
g046,sync drift,41,30,42,80,104,watch,edge,drag-penalty
g047,local state,68,66,9,46,258,ship,recovery,confidence-floor
g048,conflict cost,85,17,36,34,111,watch,negative,lane-boundary
g049,form pressure,53,30,9,32,164,watch,baseline,monotonic-signal
g050,sync drift,40,39,39,36,35,hold,edge,drag-penalty
g051,local state,81,46,14,85,322,ship,recovery,confidence-floor
g052,conflict cost,61,52,45,28,50,hold,negative,lane-boundary
g053,form pressure,99,57,41,47,185,ship,baseline,monotonic-signal
g054,sync drift,33,30,40,104,144,watch,edge,drag-penalty
g055,local state,48,51,41,94,171,watch,recovery,confidence-floor
g056,conflict cost,103,64,43,51,200,ship,negative,lane-boundary
g057,form pressure,90,38,25,34,186,ship,baseline,monotonic-signal
g058,sync drift,43,63,17,30,141,watch,edge,drag-penalty
g059,local state,67,43,19,75,251,ship,recovery,confidence-floor
g060,conflict cost,82,35,38,96,239,ship,negative,lane-boundary
g061,form pressure,93,69,7,31,289,ship,baseline,monotonic-signal
g062,sync drift,58,53,35,46,121,watch,edge,drag-penalty
g063,local state,111,13,30,58,231,ship,recovery,confidence-floor
g064,conflict cost,74,30,8,69,284,ship,negative,lane-boundary
g065,form pressure,103,41,40,79,245,ship,baseline,monotonic-signal
g066,sync drift,33,14,16,45,106,watch,edge,drag-penalty
g067,local state,46,73,26,33,127,watch,recovery,confidence-floor
g068,conflict cost,56,35,12,31,161,watch,negative,lane-boundary
g069,form pressure,108,54,27,35,232,ship,baseline,monotonic-signal
g070,sync drift,94,31,36,84,243,ship,edge,drag-penalty
g071,local state,46,57,21,27,119,watch,recovery,confidence-floor
g072,conflict cost,70,72,36,46,160,watch,negative,lane-boundary
g073,form pressure,85,47,24,103,327,ship,baseline,monotonic-signal
g074,sync drift,52,37,41,93,163,watch,edge,drag-penalty
g075,local state,39,35,30,50,93,hold,recovery,confidence-floor
g076,conflict cost,36,71,26,33,105,watch,negative,lane-boundary
g077,form pressure,82,22,25,29,144,watch,baseline,monotonic-signal
g078,sync drift,109,35,26,74,297,ship,edge,drag-penalty
g079,local state,38,44,28,95,198,ship,recovery,confidence-floor
g080,conflict cost,94,51,10,30,259,ship,negative,lane-boundary
g081,form pressure,81,57,44,45,133,watch,baseline,monotonic-signal
g082,sync drift,34,62,4,57,228,ship,edge,drag-penalty
g083,local state,102,35,23,68,283,ship,recovery,confidence-floor
g084,conflict cost,52,56,34,78,180,ship,negative,lane-boundary
g085,form pressure,74,69,20,44,225,ship,baseline,monotonic-signal
g086,sync drift,89,43,15,32,225,ship,edge,drag-penalty
g087,local state,56,68,35,30,100,hold,recovery,confidence-floor
g088,conflict cost,43,48,25,34,102,hold,negative,lane-boundary
g089,form pressure,84,40,43,83,202,ship,baseline,monotonic-signal
g090,sync drift,108,74,11,26,298,ship,edge,drag-penalty
g091,local state,35,58,39,45,62,hold,recovery,confidence-floor
g092,conflict cost,46,18,12,102,266,ship,negative,lane-boundary
g093,form pressure,99,35,21,92,333,ship,baseline,monotonic-signal
g094,sync drift,64,46,6,49,248,ship,edge,drag-penalty
g095,local state,115,19,21,32,229,ship,recovery,confidence-floor
g096,conflict cost,56,8,9,28,140,watch,negative,lane-boundary
